{
  "epoch": 200,
  "r2_score": 0.9348921775817871,
  "mse": 41.274295806884766,
  "rmse": 6.424507436907889
}